source_file,line_number,referenced_path,ref_type
README.md,15,./skills/README.md,markdown_link
README.md,16,./docs/ja/setup/04-upload-skill.md,markdown_link
README.md,21,./docs/ja/maintenance-guide.md,markdown_link
README.md,22,./docs/ja/specs/maintenance-four-levels.md,markdown_link
README.md,22,./docs/ja/specs/abstract-generation.md,markdown_link
README.md,23,./docs/ja/decisions/0009-four-level-maintenance-operation.md,markdown_link
README.md,27,./docs/ja/decisions/0002-cloudflare-workers-for-mcp.md,markdown_link
README.md,28,./docs/ja/rejected-alternatives/mcp-platform-cloud-run.md,markdown_link
README.md,28,./docs/ja/rejected-alternatives/mcp-platform-other-candidates.md,markdown_link
README.md,29,./docs/ja/setup/02-deploy-mcp-server.md,markdown_link
README.md,33,./docs/ja/naming-conventions.md,markdown_link
README.md,34,./docs/ja/decisions/0006-naming-vault-scheme.md,markdown_link
README.md,35,./docs/ja/rejected-alternatives/naming-plan-personal-vault-prefix.md,markdown_link
README.md,39,./docs/ja/architecture.md,markdown_link
README.md,40,./docs/ja/decisions/0003-skill-project-vault-3-layer.md,markdown_link
README.md,40,./docs/ja/decisions/0004-thin-project-instructions.md,markdown_link
README.md,44,./docs/ja/philosophy.md,markdown_link
README.md,45,./docs/ja/decisions/0001-github-as-backend.md,markdown_link
README.md,49,./docs/ja/setup/README.md,markdown_link
README.md,50,./docs/ja/setup/00-prerequisites.md,markdown_link
README.md,54,./mcp-server-reference/README.md,markdown_link
README.md,55,./mcp-server-reference/setup.md,markdown_link
README.md,56,./mcp-server-reference/env-reference.md,markdown_link
README.md,61,./docs/ja/decisions/0016-mcp-connection-failure-abort.md,markdown_link
README.md,66,./docs/i18n/README.md,markdown_link
README.md,67,./docs/i18n/translation-strategy.md,markdown_link
README.md,71,./docs/ja/rejected-alternatives/README.md,markdown_link
README.md,76,./docs/ja/guidelines/save-decision-flow.md,markdown_link
README.md,77,./docs/ja/decisions/0007-save-destination-plan-b.md,markdown_link
README.md,81,./docs/ja/decisions/README.md,markdown_link
README.md,85,./docs/ja/specs/README.md,markdown_link
README.md,89,./docs/ja/glossary.md,markdown_link
README.md,108,./docs/ja/setup/README.md,markdown_link
README.md,112,./docs/i18n/contributing-translations.md,markdown_link
README.md,119,./README.en.md,markdown_link
docs/MIRRORING_COMPLETION_REPORT_step5.md,97,../rejected-alternatives/*.md,wikilink
docs/MIRRORING_COMPLETION_REPORT_step9.md,119,./README.en.md,markdown_link
docs/en/architecture.md,100,../ja/decisions/0003-skill-project-vault-3-layer.md,markdown_link
docs/en/architecture.md,101,../ja/decisions/0004-thin-project-instructions.md,markdown_link
docs/en/architecture.md,102,./philosophy.md,markdown_link
docs/en/architecture.md,103,../ja/specs/reference-level-system.md,markdown_link
docs/en/decisions/0001-github-as-backend.md,89,../rejected-alternatives/vault-composition-plan-2-obsidian-sync.md,wikilink
docs/en/decisions/0001-github-as-backend.md,99,../rejected-alternatives/vault-composition-plan-3-hybrid.md,wikilink
docs/en/decisions/0002-cloudflare-workers-for-mcp.md,118,../rejected-alternatives/mcp-platform-cloud-run.md,wikilink
docs/en/decisions/0002-cloudflare-workers-for-mcp.md,128,../rejected-alternatives/mcp-platform-other-candidates.md,wikilink
docs/en/decisions/0004-thin-project-instructions.md,128,../rejected-alternatives/instructions-attached-file.md,wikilink
docs/en/decisions/0006-naming-vault-scheme.md,107,../rejected-alternatives/naming-plan-personal-vault-prefix.md,wikilink
docs/en/decisions/0006-naming-vault-scheme.md,111,../rejected-alternatives/naming-plan-vault-only.md,wikilink
docs/en/decisions/0006-naming-vault-scheme.md,112,../rejected-alternatives/naming-plan-cerebro-cortex.md,wikilink
docs/en/decisions/0006-naming-vault-scheme.md,113,../rejected-alternatives/naming-plan-codex.md,wikilink
docs/en/decisions/0006-naming-vault-scheme.md,114,../rejected-alternatives/naming-plan-archive-ledger.md,wikilink
docs/en/decisions/0006-naming-vault-scheme.md,115,../rejected-alternatives/naming-plan-japanese.md,wikilink
docs/en/decisions/0006-naming-vault-scheme.md,116,../rejected-alternatives/naming-plan-functional-only.md,wikilink
docs/en/decisions/0007-save-destination-plan-b.md,109,../rejected-alternatives/save-destination-plan-a-inbox.md,wikilink
docs/en/glossary.md,101,./philosophy.md,markdown_link
docs/en/glossary.md,105,./architecture.md,markdown_link
docs/en/glossary.md,109,./philosophy.md,markdown_link
docs/en/glossary.md,110,./architecture.md,markdown_link
docs/en/glossary.md,111,./naming-conventions.md,markdown_link
docs/en/glossary.md,112,./maintenance-guide.md,markdown_link
docs/en/index.md,22,../i18n/translation-strategy.md,markdown_link
docs/en/maintenance-guide.md,92,../ja/decisions/0008-cursor-delegation-by-maintenance-level.md,markdown_link
docs/en/maintenance-guide.md,93,../ja/decisions/0009-four-level-maintenance-operation.md,markdown_link
docs/en/maintenance-guide.md,94,./specs/maintenance-four-levels.md,markdown_link
docs/en/maintenance-guide.md,95,./specs/abstract-generation.md,markdown_link
docs/en/naming-conventions.md,46,./specs/file-naming.md,markdown_link
docs/en/naming-conventions.md,72,./rejected-alternatives/README.md,markdown_link
docs/en/naming-conventions.md,76,./specs/vocabulary-design.md,markdown_link
docs/en/naming-conventions.md,80,../ja/decisions/0006-naming-vault-scheme.md,markdown_link
docs/en/naming-conventions.md,81,./specs/file-naming.md,markdown_link
docs/en/naming-conventions.md,82,./specs/vocabulary-design.md,markdown_link
docs/en/naming-conventions.md,83,./rejected-alternatives/README.md,markdown_link
docs/en/naming-conventions.md,84,./philosophy.md,markdown_link
docs/en/philosophy.md,61,path/to/file.md,wikilink
docs/en/philosophy.md,74,../ja/decisions/0001-github-as-backend.md,markdown_link
docs/en/philosophy.md,75,./architecture.md,markdown_link
docs/i18n/README.md,77,./contributing-translations.md,markdown_link
docs/i18n/README.md,83,./translation-strategy.md,markdown_link
docs/i18n/README.md,84,./contributing-translations.md,markdown_link
docs/i18n/README.md,85,../ja/glossary.md,markdown_link
docs/i18n/contributing-translations.md,33,./README.md,markdown_link
docs/i18n/contributing-translations.md,34,./translation-strategy.md,markdown_link
docs/i18n/contributing-translations.md,35,../ja/glossary.md,markdown_link
docs/i18n/contributing-translations.md,41,./README.md,markdown_link
docs/i18n/contributing-translations.md,61,./translation-strategy.md,markdown_link
docs/i18n/contributing-translations.md,71,./translation-strategy.md,markdown_link
docs/i18n/contributing-translations.md,123,./README.md,markdown_link
docs/i18n/contributing-translations.md,124,./translation-strategy.md,markdown_link
docs/i18n/contributing-translations.md,125,../ja/glossary.md,markdown_link
docs/i18n/translation-strategy.md,31,../ja/glossary.md,markdown_link
docs/i18n/translation-strategy.md,74,../ja/decisions/0001-github-as-backend.md,markdown_link
docs/i18n/translation-strategy.md,138,./README.md,markdown_link
docs/i18n/translation-strategy.md,139,./contributing-translations.md,markdown_link
docs/i18n/translation-strategy.md,140,../ja/glossary.md,markdown_link
docs/ja/architecture.md,97,../decisions/0003-skill-project-vault-3-layer.md,markdown_link
docs/ja/architecture.md,98,../decisions/0004-thin-project-instructions.md,markdown_link
docs/ja/architecture.md,99,./philosophy.md,markdown_link
docs/ja/architecture.md,100,./specs/reference-level-system.md,markdown_link
docs/ja/decisions/0001-github-as-backend.md,89,../rejected-alternatives/vault-composition-plan-2-obsidian-sync.md,wikilink
docs/ja/decisions/0001-github-as-backend.md,99,../rejected-alternatives/vault-composition-plan-3-hybrid.md,wikilink
docs/ja/decisions/0002-cloudflare-workers-for-mcp.md,118,../rejected-alternatives/mcp-platform-cloud-run.md,wikilink
docs/ja/decisions/0002-cloudflare-workers-for-mcp.md,128,../rejected-alternatives/mcp-platform-other-candidates.md,wikilink
docs/ja/decisions/0004-thin-project-instructions.md,128,../rejected-alternatives/instructions-attached-file.md,wikilink
docs/ja/decisions/0005-early-framework-separation.md,114,../rejected-alternatives/framework-integration-maintain.md,wikilink
docs/ja/decisions/0006-naming-vault-scheme.md,107,../rejected-alternatives/naming-plan-personal-vault-prefix.md,wikilink
docs/ja/decisions/0006-naming-vault-scheme.md,111,../rejected-alternatives/naming-plan-vault-only.md,wikilink
docs/ja/decisions/0006-naming-vault-scheme.md,112,../rejected-alternatives/naming-plan-cerebro-cortex.md,wikilink
docs/ja/decisions/0006-naming-vault-scheme.md,113,../rejected-alternatives/naming-plan-codex.md,wikilink
docs/ja/decisions/0006-naming-vault-scheme.md,114,../rejected-alternatives/naming-plan-archive-ledger.md,wikilink
docs/ja/decisions/0006-naming-vault-scheme.md,115,../rejected-alternatives/naming-plan-japanese.md,wikilink
docs/ja/decisions/0006-naming-vault-scheme.md,116,../rejected-alternatives/naming-plan-functional-only.md,wikilink
docs/ja/decisions/0007-save-destination-plan-b.md,109,../rejected-alternatives/save-destination-plan-a-inbox.md,wikilink
docs/ja/decisions/0008-cursor-delegation-by-maintenance-level.md,115,../rejected-alternatives/cursor-delegation-by-file-count.md,wikilink
docs/ja/decisions/0013-projects-merge-two-to-one.md,106,../rejected-alternatives/projects-split-two.md,wikilink
docs/ja/glossary.md,99,./philosophy.md,markdown_link
docs/ja/glossary.md,103,./architecture.md,markdown_link
docs/ja/glossary.md,107,./philosophy.md,markdown_link
docs/ja/glossary.md,108,./architecture.md,markdown_link
docs/ja/glossary.md,109,./naming-conventions.md,markdown_link
docs/ja/glossary.md,110,./maintenance-guide.md,markdown_link
docs/ja/guidelines/README.md,16,./v1-nine-principles.md,markdown_link
docs/ja/guidelines/README.md,17,./operational-principles.md,markdown_link
docs/ja/guidelines/README.md,18,./sonnet-optimization.md,markdown_link
docs/ja/guidelines/README.md,19,./save-decision-flow.md,markdown_link
docs/ja/guidelines/operational-principles.md,283,../decisions/0003-skill-project-vault-3-layer.md,wikilink
docs/ja/guidelines/operational-principles.md,284,../decisions/0007-save-destination-plan-b.md,wikilink
docs/ja/guidelines/operational-principles.md,285,../decisions/0008-cursor-delegation-by-maintenance-level.md,wikilink
docs/ja/guidelines/operational-principles.md,287,../specs/reference-level-system.md,wikilink
docs/ja/guidelines/operational-principles.md,288,../specs/handoff-mechanism.md,wikilink
docs/ja/guidelines/operational-principles.md,289,../specs/ambiguous-name-resolution.md,wikilink
docs/ja/guidelines/operational-principles.md,291,./v1-nine-principles.md,wikilink
docs/ja/guidelines/operational-principles.md,292,./save-decision-flow.md,wikilink
docs/ja/guidelines/operational-principles.md,293,./sonnet-optimization.md,wikilink
docs/ja/guidelines/save-decision-flow.md,159,../specs/file-naming.md,wikilink
docs/ja/guidelines/save-decision-flow.md,194,../specs/frontmatter-schema.md,wikilink
docs/ja/guidelines/save-decision-flow.md,335,../decisions/0007-save-destination-plan-b.md,wikilink
docs/ja/guidelines/save-decision-flow.md,336,../decisions/0011-directory-restructure-captures-self.md,wikilink
docs/ja/guidelines/save-decision-flow.md,337,../decisions/0016-mcp-connection-failure-abort.md,wikilink
docs/ja/guidelines/save-decision-flow.md,339,../specs/file-naming.md,wikilink
docs/ja/guidelines/save-decision-flow.md,340,../specs/frontmatter-schema.md,wikilink
docs/ja/guidelines/save-decision-flow.md,341,../specs/reference-level-system.md,wikilink
docs/ja/guidelines/save-decision-flow.md,343,./v1-nine-principles.md,wikilink
docs/ja/guidelines/save-decision-flow.md,344,./operational-principles.md,wikilink
docs/ja/guidelines/sonnet-optimization.md,316,../decisions/0014-sonnet-standardization-response.md,wikilink
docs/ja/guidelines/sonnet-optimization.md,318,../specs/reference-level-system.md,wikilink
docs/ja/guidelines/sonnet-optimization.md,319,../specs/frontmatter-schema.md,wikilink
docs/ja/guidelines/sonnet-optimization.md,320,../specs/vocabulary-design.md,wikilink
docs/ja/guidelines/sonnet-optimization.md,321,../specs/ambiguous-name-resolution.md,wikilink
docs/ja/guidelines/sonnet-optimization.md,322,../specs/handoff-mechanism.md,wikilink
docs/ja/guidelines/sonnet-optimization.md,324,./v1-nine-principles.md,wikilink
docs/ja/guidelines/v1-nine-principles.md,265,../decisions/0003-skill-project-vault-3-layer.md,wikilink
docs/ja/guidelines/v1-nine-principles.md,266,../decisions/0008-cursor-delegation-by-maintenance-level.md,wikilink
docs/ja/guidelines/v1-nine-principles.md,267,../decisions/0016-mcp-connection-failure-abort.md,wikilink
docs/ja/guidelines/v1-nine-principles.md,268,../decisions/0007-save-destination-plan-b.md,wikilink
docs/ja/guidelines/v1-nine-principles.md,269,../decisions/0010-handoff-directory-introduction.md,wikilink
docs/ja/guidelines/v1-nine-principles.md,270,../decisions/0014-sonnet-standardization-response.md,wikilink
docs/ja/guidelines/v1-nine-principles.md,272,../specs/reference-level-system.md,wikilink
docs/ja/guidelines/v1-nine-principles.md,273,../specs/handoff-mechanism.md,wikilink
docs/ja/guidelines/v1-nine-principles.md,275,./operational-principles.md,wikilink
docs/ja/guidelines/v1-nine-principles.md,276,./sonnet-optimization.md,wikilink
docs/ja/guidelines/v1-nine-principles.md,277,./save-decision-flow.md,wikilink
docs/ja/index.md,20,./overview.md,markdown_link
docs/ja/index.md,21,./architecture.md,markdown_link
docs/ja/index.md,22,./philosophy.md,markdown_link
docs/ja/index.md,23,./naming-conventions.md,markdown_link
docs/ja/index.md,24,./maintenance-guide.md,markdown_link
docs/ja/index.md,25,./glossary.md,markdown_link
docs/ja/index.md,29,./setup/README.md,markdown_link
docs/ja/index.md,30,./setup/00-prerequisites.md,markdown_link
docs/ja/index.md,35,./decisions/README.md,markdown_link
docs/ja/index.md,36,./specs/README.md,markdown_link
docs/ja/index.md,37,./rejected-alternatives/README.md,markdown_link
docs/ja/index.md,38,./guidelines/README.md,markdown_link
docs/ja/index.md,43,./reading-order-for-ai.md,markdown_link
docs/ja/maintenance-guide.md,90,../decisions/0008-cursor-delegation-by-maintenance-level.md,markdown_link
docs/ja/maintenance-guide.md,91,../decisions/0009-four-level-maintenance-operation.md,markdown_link
docs/ja/maintenance-guide.md,92,./specs/maintenance-four-levels.md,markdown_link
docs/ja/maintenance-guide.md,93,./specs/abstract-generation.md,markdown_link
docs/ja/naming-conventions.md,44,./specs/file-naming.md,markdown_link
docs/ja/naming-conventions.md,70,./rejected-alternatives/README.md,markdown_link
docs/ja/naming-conventions.md,74,./specs/vocabulary-design.md,markdown_link
docs/ja/naming-conventions.md,78,../decisions/0006-naming-vault-scheme.md,markdown_link
docs/ja/naming-conventions.md,79,./specs/file-naming.md,markdown_link
docs/ja/naming-conventions.md,80,./specs/vocabulary-design.md,markdown_link
docs/ja/naming-conventions.md,81,./rejected-alternatives/README.md,markdown_link
docs/ja/naming-conventions.md,82,./philosophy.md,markdown_link
docs/ja/overview.md,32,./architecture.md,markdown_link
docs/ja/overview.md,33,./philosophy.md,markdown_link
docs/ja/philosophy.md,59,path/to/file.md,wikilink
docs/ja/philosophy.md,72,../decisions/0001-github-as-backend.md,markdown_link
docs/ja/philosophy.md,73,./architecture.md,markdown_link
docs/ja/rejected-alternatives/README.md,16,./vault-composition-plan-2-obsidian-sync.md,markdown_link
docs/ja/rejected-alternatives/README.md,17,./vault-composition-plan-3-hybrid.md,markdown_link
docs/ja/rejected-alternatives/README.md,21,./mcp-platform-cloud-run.md,markdown_link
docs/ja/rejected-alternatives/README.md,22,./mcp-platform-other-candidates.md,markdown_link
docs/ja/rejected-alternatives/README.md,26,./save-destination-plan-a-inbox.md,markdown_link
docs/ja/rejected-alternatives/README.md,30,./projects-split-two.md,markdown_link
docs/ja/rejected-alternatives/README.md,31,./instructions-attached-file.md,markdown_link
docs/ja/rejected-alternatives/README.md,35,./naming-plan-personal-vault-prefix.md,markdown_link
docs/ja/rejected-alternatives/README.md,36,./naming-plan-vault-only.md,markdown_link
docs/ja/rejected-alternatives/README.md,37,./naming-plan-cerebro-cortex.md,markdown_link
docs/ja/rejected-alternatives/README.md,38,./naming-plan-codex.md,markdown_link
docs/ja/rejected-alternatives/README.md,39,./naming-plan-archive-ledger.md,markdown_link
docs/ja/rejected-alternatives/README.md,40,./naming-plan-japanese.md,markdown_link
docs/ja/rejected-alternatives/README.md,41,./naming-plan-functional-only.md,markdown_link
docs/ja/rejected-alternatives/README.md,45,./framework-integration-maintain.md,markdown_link
docs/ja/rejected-alternatives/README.md,46,./cursor-delegation-by-file-count.md,markdown_link
docs/ja/rejected-alternatives/cursor-delegation-by-file-count.md,79,../decisions/0008-cursor-delegation-by-maintenance-level.md,wikilink
docs/ja/rejected-alternatives/cursor-delegation-by-file-count.md,86,../decisions/0008-cursor-delegation-by-maintenance-level.md,wikilink
docs/ja/rejected-alternatives/cursor-delegation-by-file-count.md,87,../decisions/0009-four-level-maintenance-operation.md,wikilink
docs/ja/rejected-alternatives/framework-integration-maintain.md,74,../decisions/0005-early-framework-separation.md,wikilink
docs/ja/rejected-alternatives/framework-integration-maintain.md,81,../decisions/0005-early-framework-separation.md,wikilink
docs/ja/rejected-alternatives/framework-integration-maintain.md,82,../decisions/0006-naming-vault-scheme.md,wikilink
docs/ja/rejected-alternatives/instructions-attached-file.md,54,../decisions/0004-thin-project-instructions.md,wikilink
docs/ja/rejected-alternatives/instructions-attached-file.md,61,../decisions/0004-thin-project-instructions.md,wikilink
docs/ja/rejected-alternatives/mcp-platform-cloud-run.md,57,../decisions/0002-cloudflare-workers-for-mcp.md,wikilink
docs/ja/rejected-alternatives/mcp-platform-cloud-run.md,64,../decisions/0002-cloudflare-workers-for-mcp.md,wikilink
docs/ja/rejected-alternatives/mcp-platform-cloud-run.md,65,./mcp-platform-other-candidates.md,wikilink
docs/ja/rejected-alternatives/mcp-platform-other-candidates.md,84,../decisions/0002-cloudflare-workers-for-mcp.md,wikilink
docs/ja/rejected-alternatives/mcp-platform-other-candidates.md,89,../decisions/0002-cloudflare-workers-for-mcp.md,wikilink
docs/ja/rejected-alternatives/mcp-platform-other-candidates.md,90,./mcp-platform-cloud-run.md,wikilink
docs/ja/rejected-alternatives/naming-plan-archive-ledger.md,83,../decisions/0006-naming-vault-scheme.md,wikilink
docs/ja/rejected-alternatives/naming-plan-archive-ledger.md,88,../decisions/0006-naming-vault-scheme.md,wikilink
docs/ja/rejected-alternatives/naming-plan-archive-ledger.md,89,./naming-plan-cerebro-cortex.md,wikilink
docs/ja/rejected-alternatives/naming-plan-archive-ledger.md,89,./naming-plan-codex.md,wikilink
docs/ja/rejected-alternatives/naming-plan-cerebro-cortex.md,74,../decisions/0006-naming-vault-scheme.md,wikilink
docs/ja/rejected-alternatives/naming-plan-cerebro-cortex.md,81,../decisions/0006-naming-vault-scheme.md,wikilink
docs/ja/rejected-alternatives/naming-plan-codex.md,73,../decisions/0006-naming-vault-scheme.md,wikilink
docs/ja/rejected-alternatives/naming-plan-codex.md,78,../decisions/0006-naming-vault-scheme.md,wikilink
docs/ja/rejected-alternatives/naming-plan-codex.md,79,./naming-plan-cerebro-cortex.md,wikilink
docs/ja/rejected-alternatives/naming-plan-functional-only.md,81,../decisions/0006-naming-vault-scheme.md,wikilink
docs/ja/rejected-alternatives/naming-plan-functional-only.md,88,../decisions/0006-naming-vault-scheme.md,wikilink
docs/ja/rejected-alternatives/naming-plan-japanese.md,84,../decisions/0006-naming-vault-scheme.md,wikilink
docs/ja/rejected-alternatives/naming-plan-japanese.md,91,../decisions/0006-naming-vault-scheme.md,wikilink
docs/ja/rejected-alternatives/naming-plan-japanese.md,92,../decisions/0005-early-framework-separation.md,wikilink
docs/ja/rejected-alternatives/naming-plan-personal-vault-prefix.md,57,../decisions/0006-naming-vault-scheme.md,wikilink
docs/ja/rejected-alternatives/naming-plan-personal-vault-prefix.md,64,../decisions/0006-naming-vault-scheme.md,wikilink
docs/ja/rejected-alternatives/naming-plan-personal-vault-prefix.md,66,./naming-plan-vault-only.md,wikilink
docs/ja/rejected-alternatives/naming-plan-personal-vault-prefix.md,67,./naming-plan-cerebro-cortex.md,wikilink
docs/ja/rejected-alternatives/naming-plan-personal-vault-prefix.md,68,./naming-plan-codex.md,wikilink
docs/ja/rejected-alternatives/naming-plan-personal-vault-prefix.md,69,./naming-plan-archive-ledger.md,wikilink
docs/ja/rejected-alternatives/naming-plan-personal-vault-prefix.md,70,./naming-plan-japanese.md,wikilink
docs/ja/rejected-alternatives/naming-plan-personal-vault-prefix.md,71,./naming-plan-functional-only.md,wikilink
docs/ja/rejected-alternatives/naming-plan-vault-only.md,65,../decisions/0006-naming-vault-scheme.md,wikilink
docs/ja/rejected-alternatives/naming-plan-vault-only.md,72,../decisions/0006-naming-vault-scheme.md,wikilink
docs/ja/rejected-alternatives/naming-plan-vault-only.md,73,../decisions/0005-early-framework-separation.md,wikilink
docs/ja/rejected-alternatives/projects-split-two.md,64,../decisions/0013-projects-merge-two-to-one.md,wikilink
docs/ja/rejected-alternatives/projects-split-two.md,71,../decisions/0013-projects-merge-two-to-one.md,wikilink
docs/ja/rejected-alternatives/projects-split-two.md,72,../decisions/0004-thin-project-instructions.md,wikilink
docs/ja/rejected-alternatives/save-destination-plan-a-inbox.md,56,../decisions/0007-save-destination-plan-b.md,wikilink
docs/ja/rejected-alternatives/save-destination-plan-a-inbox.md,63,../decisions/0007-save-destination-plan-b.md,wikilink
docs/ja/rejected-alternatives/vault-composition-plan-2-obsidian-sync.md,58,../decisions/0001-github-as-backend.md,wikilink
docs/ja/rejected-alternatives/vault-composition-plan-2-obsidian-sync.md,65,../decisions/0001-github-as-backend.md,wikilink
docs/ja/rejected-alternatives/vault-composition-plan-2-obsidian-sync.md,66,./vault-composition-plan-3-hybrid.md,wikilink
docs/ja/rejected-alternatives/vault-composition-plan-3-hybrid.md,59,../decisions/0001-github-as-backend.md,wikilink
docs/ja/rejected-alternatives/vault-composition-plan-3-hybrid.md,66,../decisions/0001-github-as-backend.md,wikilink
docs/ja/rejected-alternatives/vault-composition-plan-3-hybrid.md,67,./vault-composition-plan-2-obsidian-sync.md,wikilink
docs/ja/setup/00-prerequisites.md,168,./03-configure-mcp-connector.md,markdown_link
docs/ja/setup/00-prerequisites.md,201,./01-fork-vault-templates.md,markdown_link
docs/ja/setup/01-fork-vault-templates.md,294,./02-deploy-mcp-server.md,markdown_link
docs/ja/setup/02-deploy-mcp-server.md,193,./03-configure-mcp-connector.md,markdown_link
docs/ja/setup/03-configure-mcp-connector.md,159,./04-upload-skill.md,markdown_link
docs/ja/setup/04-upload-skill.md,180,./05-configure-project.md,markdown_link
docs/ja/setup/05-configure-project.md,172,./06-first-save-test.md,markdown_link
docs/ja/setup/06-first-save-test.md,229,./customization.md,markdown_link
docs/ja/setup/06-first-save-test.md,230,./troubleshooting.md,markdown_link
docs/ja/setup/README.md,47,./00-prerequisites.md,markdown_link
docs/ja/setup/README.md,51,./01-fork-vault-templates.md,markdown_link
docs/ja/setup/README.md,52,./02-deploy-mcp-server.md,markdown_link
docs/ja/setup/README.md,56,./03-configure-mcp-connector.md,markdown_link
docs/ja/setup/README.md,57,./04-upload-skill.md,markdown_link
docs/ja/setup/README.md,58,./05-configure-project.md,markdown_link
docs/ja/setup/README.md,62,./06-first-save-test.md,markdown_link
docs/ja/setup/README.md,66,./customization.md,markdown_link
docs/ja/setup/README.md,67,./troubleshooting.md,markdown_link
docs/ja/setup/README.md,83,./00-prerequisites.md,markdown_link
docs/ja/setup/README.md,125,./troubleshooting.md,markdown_link
docs/ja/setup/README.md,129,./00-prerequisites.md,markdown_link
docs/ja/setup/customization.md,240,../specs/vocabulary-design.md,wikilink
docs/ja/setup/customization.md,241,../specs/maintenance-four-levels.md,wikilink
docs/ja/setup/customization.md,243,../guidelines/operational-principles.md,wikilink
docs/ja/setup/customization.md,248,./troubleshooting.md,markdown_link
docs/ja/setup/troubleshooting.md,314,../decisions/0016-mcp-connection-failure-abort.md,wikilink
docs/ja/setup/troubleshooting.md,315,../decisions/0012-fine-grained-pat-adoption.md,wikilink
docs/ja/setup/troubleshooting.md,317,../specs/reference-level-system.md,wikilink
docs/ja/setup/troubleshooting.md,318,../specs/maintenance-four-levels.md,wikilink
docs/ja/setup/troubleshooting.md,320,../guidelines/v1-nine-principles.md,wikilink
docs/ja/specs/README.md,16,./frontmatter-schema.md,markdown_link
docs/ja/specs/README.md,17,./vocabulary-design.md,markdown_link
docs/ja/specs/README.md,18,./file-naming.md,markdown_link
docs/ja/specs/README.md,19,./handoff-mechanism.md,markdown_link
docs/ja/specs/README.md,20,./ambiguous-name-resolution.md,markdown_link
docs/ja/specs/README.md,21,./reference-level-system.md,markdown_link
docs/ja/specs/README.md,22,./maintenance-four-levels.md,markdown_link
docs/ja/specs/README.md,23,./abstract-generation.md,markdown_link
docs/ja/specs/abstract-generation.md,241,../decisions/0009-four-level-maintenance-operation.md,wikilink
docs/ja/specs/abstract-generation.md,242,../decisions/0016-mcp-connection-failure-abort.md,wikilink
docs/ja/specs/abstract-generation.md,244,./maintenance-four-levels.md,wikilink
docs/ja/specs/abstract-generation.md,245,./frontmatter-schema.md,wikilink
docs/ja/specs/ambiguous-name-resolution.md,231,../decisions/0013-projects-merge-two-to-one.md,wikilink
docs/ja/specs/ambiguous-name-resolution.md,233,./reference-level-system.md,wikilink
docs/ja/specs/ambiguous-name-resolution.md,234,./vocabulary-design.md,wikilink
docs/ja/specs/file-naming.md,242,../decisions/0006-naming-vault-scheme.md,wikilink
docs/ja/specs/file-naming.md,243,../decisions/0007-save-destination-plan-b.md,wikilink
docs/ja/specs/file-naming.md,245,./frontmatter-schema.md,wikilink
docs/ja/specs/file-naming.md,246,./handoff-mechanism.md,wikilink
docs/ja/specs/frontmatter-schema.md,133,../decisions/0002-cloudflare-workers-for-mcp.md,wikilink
docs/ja/specs/frontmatter-schema.md,139,10_chat_logs/2026/07/2026-07-13_early-design.md,wikilink
docs/ja/specs/frontmatter-schema.md,145,../decisions/0006-naming-vault-scheme.md,wikilink
docs/ja/specs/frontmatter-schema.md,362,./vocabulary-design.md,wikilink
docs/ja/specs/frontmatter-schema.md,363,./file-naming.md,wikilink
docs/ja/specs/handoff-mechanism.md,199,30_projects/Vault-Framework/handoff/recent-changes/2026/07/2026-07-14_cursor-mirroring-execution-report.md,wikilink
docs/ja/specs/handoff-mechanism.md,275,../decisions/0010-handoff-directory-introduction.md,wikilink
docs/ja/specs/handoff-mechanism.md,276,../decisions/0011-directory-restructure-captures-self.md,wikilink
docs/ja/specs/handoff-mechanism.md,277,../decisions/0003-skill-project-vault-3-layer.md,wikilink
docs/ja/specs/handoff-mechanism.md,279,./reference-level-system.md,wikilink
docs/ja/specs/handoff-mechanism.md,280,./maintenance-four-levels.md,wikilink
docs/ja/specs/handoff-mechanism.md,281,./file-naming.md,wikilink
docs/ja/specs/maintenance-four-levels.md,304,../decisions/0009-four-level-maintenance-operation.md,wikilink
docs/ja/specs/maintenance-four-levels.md,305,../decisions/0008-cursor-delegation-by-maintenance-level.md,wikilink
docs/ja/specs/maintenance-four-levels.md,306,../decisions/0011-directory-restructure-captures-self.md,wikilink
docs/ja/specs/maintenance-four-levels.md,308,./abstract-generation.md,wikilink
docs/ja/specs/maintenance-four-levels.md,309,./handoff-mechanism.md,wikilink
docs/ja/specs/reference-level-system.md,243,../decisions/0003-skill-project-vault-3-layer.md,wikilink
docs/ja/specs/reference-level-system.md,244,../decisions/0014-sonnet-standardization-response.md,wikilink
docs/ja/specs/reference-level-system.md,246,./handoff-mechanism.md,wikilink
docs/ja/specs/reference-level-system.md,247,./ambiguous-name-resolution.md,wikilink
docs/ja/specs/vocabulary-design.md,204,./frontmatter-schema.md,wikilink
docs/ja/specs/vocabulary-design.md,205,./file-naming.md,wikilink
examples/README.md,51,30_projects/Vault-Framework/handoff/current-state.md,wikilink
examples/ja/chat_log.md,76,30_projects/<your-mcp-project>/design-decisions.md,wikilink
examples/ja/chat_log.md,77,40_knowledge/dev/2026-XX-XX_cloudflare-workers-limits.md,wikilink
examples/ja/project_design.md,85,30_projects/<your-mcp-project>/README.md,wikilink
examples/ja/project_design.md,86,30_projects/<your-mcp-project>/open-questions.md,wikilink
examples/ja/project_design.md,87,10_chat_logs/YYYY/MM/YYYY-MM-DD_platform-selection.md,wikilink
mcp-server-reference/README.ja.md,23,./setup.md,markdown_link
mcp-server-reference/README.ja.md,24,./env-reference.md,markdown_link
mcp-server-reference/README.ja.md,25,./rationale.md,markdown_link
mcp-server-reference/README.md,33,./setup.md,markdown_link
mcp-server-reference/README.md,34,./env-reference.md,markdown_link
mcp-server-reference/README.md,35,./rationale.md,markdown_link
mcp-server-reference/README.md,39,../docs/ja/decisions/0002-cloudflare-workers-for-mcp.md,markdown_link
mcp-server-reference/README.md,40,../docs/ja/decisions/0012-fine-grained-pat-adoption.md,markdown_link
mcp-server-reference/README.md,41,../docs/ja/setup/02-deploy-mcp-server.md,markdown_link
mcp-server-reference/rationale.md,21,../docs/ja/decisions/0002-cloudflare-workers-for-mcp.md,markdown_link
mcp-server-reference/rationale.md,27,../docs/ja/decisions/0012-fine-grained-pat-adoption.md,markdown_link
project-instructions/README.md,20,./vault-project.ja.md,markdown_link
project-instructions/README.md,21,./vault-project.en.md,markdown_link
project-instructions/README.md,22,./app-project.ja.md,markdown_link
project-instructions/README.md,23,./app-project.en.md,markdown_link
project-instructions/README.md,27,./rationale.md,markdown_link
project-instructions/rationale.md,20,../docs/ja/decisions/0004-thin-project-instructions.md,markdown_link
skills/README.md,18,./vault-manager/SKILL.md,markdown_link
skills/README.md,19,./vault-maintainer/SKILL.md,markdown_link
skills/README.md,23,../docs/ja/setup/04-upload-skill.md,markdown_link
skills/vault-manager/README.ja.md,14,30_projects/Vault-Framework/skills/vault-manager/SKILL.md,wikilink
skills/vault-manager/README.ja.md,15,30_projects/Vault-Framework/handoff/current-state.md,wikilink
skills/vault-manager/README.ja.md,66,30_projects/Vault-Framework/handoff/current-state.md,wikilink
vault-templates/30_projects/_template/README.md,20,./design-decisions.md,markdown_link
vault-templates/30_projects/_template/README.md,21,./open-questions.md,markdown_link
vault-templates/30_projects/_template/README.md,22,./roadmap.md,markdown_link
vault-templates/30_projects/_template/README.md,23,./handoff/current-state.md,markdown_link
vault-templates/README.ja.md,48,30_projects/Vault-Framework/handoff/current-state.md,wikilink
